id,rent,size_sqm,bedrooms,zone,type,furnished,parking,mins_to_tube,lucky_number
1,2860,67,3,2,House,Yes,Yes,6,22
2,1850,64,2,3,Flat,No,No,14,31
3,2390,65,2,1,House,No,Yes,14,6
4,1540,53,2,2,Flat,Yes,No,15,8
5,1430,67,3,2,Flat,No,No,27,36
6,2540,83,3,3,Flat,Yes,No,23,23
7,3400,54,2,1,House,Yes,Yes,16,78
8,2040,23,1,1,Flat,Yes,Yes,40,21
9,1520,56,2,3,Flat,No,No,14,46
10,1980,64,2,3,Flat,Yes,Yes,31,14
11,1080,21,0,2,Studio,Yes,No,5,35
12,2740,45,2,1,Flat,Yes,No,18,71
13,1260,75,3,3,Flat,No,No,40,45
14,1280,22,0,4,Studio,No,Yes,40,40
15,2300,54,2,2,Flat,Yes,No,18,27
16,1460,39,1,1,Flat,Yes,No,11,32
17,1600,43,1,1,Flat,No,No,18,97
18,2180,78,3,3,Flat,Yes,No,23,17
19,2300,45,2,1,Flat,No,No,10,84
20,1230,25,0,4,Studio,Yes,Yes,24,95
21,2560,81,3,3,Flat,Yes,No,9,42
22,1560,97,4,3,House,No,Yes,6,13
23,2360,66,3,3,Flat,Yes,No,2,88
24,2230,65,2,2,Flat,No,Yes,9,17
25,1240,28,0,2,Studio,No,No,15,43
26,1630,63,2,3,Flat,No,No,3,9
27,650,56,2,4,Flat,No,Yes,15,13
28,1480,66,3,2,Flat,No,No,13,93
29,2270,49,2,2,Flat,Yes,No,8,58
30,1470,29,0,1,Studio,No,No,11,68
31,1360,48,2,2,Flat,Yes,No,21,25
32,650,24,0,3,Studio,Yes,No,15,2
33,2000,75,3,3,Flat,No,Yes,12,34
34,2070,54,2,2,Flat,No,Yes,15,13
35,1460,74,3,4,Flat,Yes,Yes,40,11
36,3100,76,3,2,House,Yes,No,8,49
37,1770,75,3,4,Flat,No,Yes,17,91
38,1780,61,2,3,Flat,Yes,Yes,23,84
39,2080,77,3,4,Flat,Yes,Yes,21,41
40,2250,95,4,4,House,No,Yes,11,36
41,2120,58,2,3,Flat,Yes,Yes,8,17
42,650,56,2,4,Flat,No,No,40,22
43,650,27,0,4,Studio,No,Yes,7,73
44,2580,51,2,2,House,No,Yes,15,34
45,1980,88,4,4,House,No,No,17,4
46,1130,36,1,2,Flat,No,No,5,96
47,1710,67,3,3,Flat,Yes,Yes,9,26
48,1350,54,2,4,Flat,Yes,No,17,57
49,2660,70,3,2,Flat,Yes,Yes,28,59
50,2080,81,3,4,Flat,No,No,9,38
51,850,46,2,2,Flat,No,No,10,12
52,1040,57,2,3,Flat,No,No,8,47
53,870,35,1,3,Flat,No,Yes,29,45
54,1470,48,2,2,Flat,Yes,No,8,62
55,2920,102,4,3,House,Yes,Yes,15,90
56,2010,46,2,1,House,Yes,No,34,26
57,1660,46,2,1,Flat,No,No,21,47
58,3220,67,3,1,House,No,Yes,16,86
59,3490,122,5,4,House,Yes,Yes,14,61
60,1070,54,2,4,Flat,Yes,No,12,55
61,2120,44,2,1,Flat,No,No,1,80
62,1640,29,0,1,Studio,No,No,5,53
63,1010,26,0,1,Studio,Yes,No,9,8
64,1870,41,1,2,Flat,No,No,1,19
65,1800,62,2,2,Flat,Yes,No,2,70
66,2410,76,3,2,Flat,Yes,Yes,29,32
67,2120,79,3,4,Flat,No,No,18,35
68,700,55,2,4,Flat,No,Yes,4,86
69,2100,64,2,3,Flat,No,Yes,32,26
70,3510,68,3,1,House,No,Yes,14,20
71,960,26,0,3,Studio,Yes,Yes,39,41
72,2330,57,2,2,House,No,Yes,8,86
73,2450,54,2,2,House,No,Yes,11,48
74,1860,36,1,1,Flat,No,No,19,76
75,1840,49,2,2,Flat,Yes,Yes,10,88
76,1940,66,3,2,Flat,No,No,10,40
77,1180,59,2,3,Flat,No,No,14,47
78,3110,70,3,2,House,Yes,Yes,31,97
79,1330,51,2,2,Flat,Yes,Yes,16,68
80,1060,67,3,4,Flat,No,Yes,25,97
81,2660,71,3,1,House,Yes,No,5,41
82,2560,70,3,2,Flat,Yes,No,19,19
83,1530,78,3,3,Flat,No,No,15,3
84,2640,71,3,3,Flat,Yes,Yes,4,99
85,1940,59,2,3,Flat,No,No,21,88
86,3740,63,2,1,House,Yes,Yes,5,82
87,2090,74,3,3,Flat,Yes,No,30,71
88,2140,49,2,1,Flat,No,No,10,19
89,3010,92,4,2,House,No,Yes,16,43
90,2890,63,2,1,Flat,Yes,No,8,16
91,2430,54,2,1,Flat,No,Yes,10,55
92,1430,75,3,3,Flat,No,Yes,24,96
93,3290,65,2,1,House,Yes,Yes,10,48
94,2100,86,3,3,House,No,Yes,14,57
95,1000,25,0,2,Studio,No,Yes,23,44
96,1420,29,0,2,Studio,Yes,No,4,82
97,1870,63,2,2,Flat,Yes,No,20,21
98,1540,35,1,1,Flat,Yes,No,4,41
99,1970,70,3,4,Flat,Yes,Yes,40,54
100,2270,66,3,2,Flat,Yes,Yes,17,71
101,1690,59,2,3,Flat,No,Yes,7,66
102,1090,50,2,2,Flat,Yes,No,31,14
103,1560,55,2,2,Flat,No,No,4,77
104,1400,32,0,1,Studio,Yes,No,4,87
105,2000,71,3,3,Flat,No,Yes,6,86
106,1980,60,2,2,Flat,Yes,No,8,51
107,770,26,0,1,Studio,No,No,6,42
108,1330,33,1,2,Flat,No,No,5,2
109,1370,61,2,3,Flat,No,No,16,55
110,1840,65,3,4,Flat,Yes,Yes,20,79
111,1870,64,2,3,Flat,No,Yes,19,72
112,1770,59,2,2,Flat,No,No,19,77
113,1540,60,2,3,Flat,No,Yes,12,36
114,1790,50,2,2,Flat,No,Yes,8,69
115,1850,21,0,1,Studio,No,Yes,14,79
116,2000,41,1,2,Flat,No,No,40,13
117,990,20,0,3,Studio,No,No,5,36
118,1580,72,3,3,Flat,No,Yes,32,90
119,2130,67,3,3,House,Yes,Yes,8,19
120,1300,53,2,3,Flat,No,No,10,65
121,1200,30,0,2,Studio,No,No,9,64
122,870,25,1,1,Flat,No,No,8,48
123,1500,66,3,3,Flat,No,No,8,30
124,1720,78,3,4,Flat,No,No,24,73
125,2590,77,3,2,House,No,No,1,51
126,950,47,2,2,Flat,No,No,3,92
127,2090,92,4,3,House,No,Yes,8,97
128,2790,93,4,4,House,Yes,Yes,14,34
129,2520,72,3,3,House,No,Yes,3,38
130,1820,25,0,1,Studio,Yes,No,11,89
131,2780,85,3,3,Flat,Yes,No,22,26
132,990,77,3,4,Flat,No,No,18,88
133,1750,69,3,3,House,Yes,No,10,44
134,1940,56,2,2,Flat,No,No,4,38
135,1070,19,0,2,Studio,No,Yes,8,89
136,1200,52,2,3,Flat,Yes,No,35,76
137,2620,30,0,1,Studio,No,Yes,3,63
138,1370,48,2,1,Flat,No,No,15,92
139,2430,23,0,1,Studio,No,Yes,6,3
140,1270,54,2,3,Flat,No,Yes,22,86
141,700,19,0,3,Studio,No,No,9,16
142,1290,57,2,4,Flat,Yes,No,33,37
143,2240,92,4,4,Flat,Yes,Yes,16,61
144,980,29,0,2,Studio,Yes,No,17,70
145,2350,85,3,3,Flat,No,No,18,28
146,2210,33,1,1,Flat,No,Yes,1,76
147,1330,76,3,2,Flat,No,No,4,53
148,1980,59,2,1,Flat,No,No,17,27
149,2880,92,4,3,House,Yes,Yes,21,39
150,2590,80,3,3,House,Yes,Yes,19,57
